Group,Title,Year,Month,Day,Time,End Year,End Month,End Day,End Time,Display Date,Detail,URL,Image URL,Image Credit,Type,Head
,ドンキーコング,1983,7,15,,,,,,,,,,,,FC
,ゼビウス,1983,9,7,,,,,,,,,,,,FC
,マリオブラザース,1983,9,9,,,,,,,保持,,,,,FC
,パックマン,1984,11,2,,,,,,,,,,,,FC
,エキサイトバイク,1984,11,30,,,,,,,,,,,,FC
,バルーンファイト,1985,1,22,,,,,,,,,,,,FC
,アイスクライマー,1985,1,30,,,,,,,,,,,,FC
,キン肉マン マッスルタッグマッチ,1985,11,8,,,,,,,,,,,,FC
,忍者じゃじゃ丸くん,1985,11,15,,,,,,,,,,,,FC
,スペランカー,1985,12,7,,,,,,,,,,,,FC
,ボンバーマン,1985,12,20,,,,,,,,,,,,FC
,ツインビー,1986,1,4,,,,,,,,,,,,FC
,グラディウス,1986,4,25,,,,,,,,,,,,FC
,魔界村,1986,6,13,,,,,,,,,,,,FC
,高橋名人の冒険島,1986,9,12,,,,,,,,,,,,FC
,ドラゴンボール 神龍の謎,1986,11,27,,,,,,,,,,,,FC
,トランスフォーマー コンボイの謎,1986,12,5,,,,,,,,,,,,FC
,ドラゴンクエストII 悪霊の神々,1987,1,26,,,,,,,,,,,,FC
,熱血硬派くにおくん,1987,4,17,,,,,,,,,,,,FC
,燃えろ!!プロ野球,1987,6,26,,,,,,,,,,,,FC
,聖闘士星矢 黄金伝説,1987,8,10,,,,,,,,,,,,FC
,つっぱり大相撲,1987,9,18,,,,,,,,,,,,FC
,ドラゴンクエストIII そして伝説へ…,1988,2,10,,,,,,,,,,,,FC
,熱血高校ドッジボール部,1988,7,26,,,,,,,,,,,,FC
,ドラゴンボール 大魔王復活,1988,8,12,,,,,,,,,,,,FC
,イース,1988,8,26,,,,,,,保持,,,,,FC
,スーパーマリオブラザーズ3,1988,10,23,,,,,,,,,,,,FC
,半熟英雄,1988,12,2,,,,,,,,,,,,FC
,忍者龍剣伝,1988,12,9,,,,,,,,,,,,FC
,プロ野球ファミリースタジアム'88,1988,12,20,,,,,,,,,,,,FC
,テトリス,1988,12,22,,,,,,,,,,,,FC
,ロックマン2 Dr.ワイリーの謎,1988,12,24,,,,,,,保持,,,,,FC
,ワギャンランド,1989,2,9,,,,,,,,,,,,FC
,ドラゴンクエストIV 導かれし者たち,1989,2,11,,,,,,,,,,,,FC
,スーパーマリオランド,1989,4,21,,,,,,,,,,,,GB
,ダウンタウン熱血物語,1989,4,25,,,,,,,,,,,,FC
,ファイナルファンタジーIII,1989,4,27,,,,,,,,,,,,FC
,テトリス,1989,6,14,,,,,,,,,,,,GB
,熱血高校ドッジボール部 サッカー編,1990,5,18,,,,,,,,,,,,FC
,ドクターマリオ,1990,7,27,,,,,,,,,,,,FC
,SDガンダム外伝 ナイトガンダム物語,1990,8,10,,,,,,,,,,,,FC
,ロックマン3 Dr.ワイリーの最期!?,1990,9,28,,,,,,,,,,,,FC
,ダウンタウン熱血行進曲 それゆけ大運動会,1990,10,12,,,,,,,,,,,,FC
,スーパーマリオワールド,1990,11,21,,,,,,,,,,,,SFC
,F-ZERO,1990,11,21,,,,,,,,,,,,SFC
,パロディウスだ!,1990,11,30,,,,,,,保持,,,,,FC
,ワギャンランド2,1990,12,14,,,,,,,,,,,,FC
,パイロットウイングス,1990,12,21,,,,,,,,,,,,SFC
,ファイナルファイト,1990,12,21,,,,,,,,,,,,SFC
,SDガンダムワールド ガチャポン戦士3 英雄戦記,1990,12,22,,,,,,,保持,,,,,FC
,スーパーチャイニーズ3,1991,3,1,,,,,,,,,,,,FC
,まじかる☆タルるートくん FANTASTIC WORLD!!,1991,3,21,,,,,,,保持,,,,,FC
,シムシティ,1991,4,26,,,,,,,,,,,,SFC
,機動戦士ガンダムF91 フォーミュラー戦記0122,1991,7,6,,,,,,,,,,,,SFC
,ファイナルファンタジーIV,1991,7,19,,,,,,,,,,,,SFC
,がんばれゴエモン〜ゆき姫救出絵巻〜,1991,7,19,,,,,,,,,,,,SFC
,バトルドッジボール 闘球大激突!,1991,7,20,,,,,,,,,,,,SFC
,ダウンタウンスペシャル くにおくんの時代劇だよ全員集合!,1991,7,26,,,,,,,保持,,,,,FC
,ソニック・ザ・ヘッジホッグ,1991,7,26,,,,,,,,,,,,MD
,へべれけ,1991,9,20,,,,,,,,,,,,FC
,超魔界村,1991,10,4,,,,,,,,,,,,SFC
,ゼルダの伝説 神々のトライフォース,1991,11,21,,,,,,,,,,,,SFC
,ロックマン4 新たなる野望!!,1991,12,6,,,,,,,,,,,,FC
,スーパーワギャンランド,1991,12,13,,,,,,,,,,,,SFC
,ヨッシーのたまご,1991,12,14,,,,,,,,,,,,FC
,レミングス,1991,12,18,,,,,,,,,,,,SFC
,第2次スーパーロボット大戦,1991,12,19,,,,,,,,,,,,FC
,スーパーファイヤープロレスリング,1991,12,20,,,,,,,,,,,,SFC
,SDガンダム外伝 ナイトガンダム物語 大いなる遺産,1991,12,21,,,,,,,,,,,,SFC
,スーパーチャイニーズワールド,1991,12,28,,,,,,,,,,,,SFC
,ドラゴンボールZ 超サイヤ伝説,1992,1,25,,,,,,,,,,,,SFC
,いけいけ!熱血ホッケー部 すべってころんで大乱闘,1992,2,7,,,,,,,,,,,,FC
,弟切草,1992,3,7,,,,,,,,,,,,SFC
,新世紀GPXサイバーフォーミュラ,1992,3,19,,,,,,,,,,,,SFC
,ファイナルファイト・ガイ,1992,3,20,,,,,,,,,,,,SFC
,スーパーファミスタ,1992,3,27,,,,,,,,,,,,SFC
,らんま1/2 町内激闘篇,1992,3,27,,,,,,,,,,,,SFC
,摩訶摩訶,1992,4,24,,,,,,,,,,,,SFC
,星のカービィ,1992,4,27,,,,,,,,,,,,GB
,ストリートファイターII,1992,6,20,,,,,,,,,,,,SFC
, びっくり熱血新記録! はるかなる金メダル,1992,6,26,,,,,,,,,,,,FC
,マリオペイント,1992,7,14,,,,,,,,,,,,SFC
,キャプテン翼III 皇帝の挑戦,1992,7,17,,,,,,,,,,,,SFC
,T.M.N.T. タートルズ イン タイム,1992,7,24,,,,,,,,,,,,SFC
,スーパーF1サーカス,1992,7,24,,,,,,,保持,,,,,SFC
,スーパー桃太郎電鉄II,1992,8,7,,,,,,,,,,,,SFC
,初代熱血硬派くにおくん,1992,8,7,,,,,,,,,,,,SFC
,スーパーマリオカート,1992,8,27,,,,,,,保持,,,,,SFC
,スーパーガチャポンワールド SDガンダムX,1992,9,12,,,,,,,,,,,,SFC
,ドラゴンクエストV 天空の花嫁,1992,9,27,,,,,,,保持,,,,,SFC
,ミッキーのマジカルアドベンチャー,1992,11,20,,,,,,,,,,,,SFC
,餓狼伝説 宿命の闘い,1992,11,27,,,,,,,,,,,,SFC
,ロックマン5 ブルースの罠!?,1992,12,4,,,,,,,保持,,,,,FC
,ファイナルファンタジーV,1992,12,6,,,,,,,,,,,,SFC
,サイコドリーム,1992,12,11,,,,,,,保持,,,,,SFC
,SDガンダム外伝2 円卓の騎士,1992,12,18,,,,,,,,,,,,SFC
,重装機兵ヴァルケン,1992,12,18,,,,,,,,,,,,SFC
,半熟英雄 ああ、世界よ半熟なれ…!!,1992,12,19,,,,,,,,,,,,SFC
,熱血格闘伝説,1992,12,23,,,,,,,,,,,,FC
,らんま1/2 爆烈乱闘篇,1992,12,25,,,,,,,,,,,,SFC
,伝説のオウガバトル,1993,3,12,,,,,,,,,,,,SFC
,ドラゴンボールZ 超武闘伝,1993,3,20,,,,,,,,,,,,SFC
,キャプテン翼IV プロのライバルたち,1993,4,3,,,,,,,,,,,,SFC
,スーパーボンバーマン,1993,4,28,,,,,,,,,,,,SFC
,ファイナルファイト2,1993,5,22,,,,,,,,,,,,SFC
,ヨッシーのクッキー,1993,7,9,,,,,,,,,,,,SFC
,スーパーマリオコレクション,1993,7,14,,,,,,,,,,,,SFC
,第3次スーパーロボット大戦,1993,7,23,,,,,,,,,,,,SFC
,FC原人,1993,7,30,,,,,,,,,,,,FC
,Jリーグサッカー プライムゴール,1993,8,6,,,,,,,,,,,,SFC
,聖剣伝説2,1993,8,6,,,,,,,,,,,,SFC
,くにおくんのドッジボールだよ全員集合!,1993,8,6,,,,,,,保持,,,,,SFC
,美少女戦士セーラームーン,1993,8,27,,,,,,,,,,,,SFC
,トルネコの大冒険 不思議のダンジョン,1993,9,19,,,,,,,,,,,,SFC
,ロックマン6 史上最大の戦い!!,1993,11,5,,,,,,,,,,,,FC
,ガイア幻想紀,1993,11,27,,,,,,,,,,,,SFC
,T.M.N.T.ミュータントウォーリアーズ,1993,12,3,,,,,,,,,,,,SFC
,す〜ぱ〜ぷよぷよ,1993,12,10,,,,,,,,,,,,SFC
,ロマンシング サ・ガ2,1993,12,10,,,,,,,,,,,,SFC
,R-TYPE III,1993,12,10,,,,,,,,,,,,SFC
,決戦!ドカポン王国IV〜伝説の勇者たち〜,1993,12,10,,,,,,,,,,,,SFC
,ドラゴンボールZ 超武闘伝2,1993,12,17,,,,,,,保持,,,,,SFC
,ロックマンX,1993,12,17,,,,,,,,,,,,SFC
,スーパー・スター・ウォーズ 帝国の逆襲,1993,12,17,,,,,,,,,,,,SFC
,ドラゴンクエストI・II,1993,12,18,,,,,,,保持,,,,,SFC
,がんばれゴエモン2 奇天烈将軍マッギネス,1993,12,22,,,,,,,,,,,,SFC
,ファイアーエムブレム 紋章の謎,1994,1,21,,,,,,,,,,,,SFC
,マッスルボマー THE BODY EXPLOSION,1994,3,10,,,,,,,,,,,,SFC
,きんぎょ注意報!とびだせ!ゲーム学園,1994,3,18,,,,,,,,,,,,SFC
,スーパーメトロイド,1994,3,19,,,,,,,,,,,,SFC
,剣勇伝説YAIBA,1994,3,25,,,,,,,,,,,,SFC
,スーパーロボット大戦EX,1994,3,25,,,,,,,保持,,,,,SFC
,ファイナルファンタジーVI,1994,4,2,,,,,,,,,,,,SFC
,新・熱血硬派くにおたちの挽歌,1994,4,29,,,,,,,,,,,,SFC
,SDガンダムGX,1994,5,27,,,,,,,保持,,,,,SFC
,スーパーフォーメーションサッカー94 ワールドカップエディション,1994,6,17,,,,,,,保持,,,,,SFC
,スーパーストリートファイターII The New Challengers,1994,6,25,,,,,,,保持,,,,,SFC
,餓狼伝説SPECIAL,1994,7,29,,,,,,,,,,,,SFC
,カービィボウル,1994,9,21,,,,,,,,,,,,SFC
,ドラゴンボールZ 超武闘伝3,1994,9,29,,,,,,,,,,,,SFC
,U.F.O.仮面ヤキソバン ケトラーの黒い陰謀,1994,10,14,,,,,,,,,,,,SFC
,真・女神転生if...,1994,10,28,,,,,,,,,,,,SFC
,ミリティア,1994,11,18,,,,,,,,,,,,SFC
,極上パロディウス,1994,11,25,,,,,,,,,,,,SFC
,スーパードンキーコング,1994,11,26,,,,,,,,,,,,SFC
,リッジレーサー,1994,12,3,,,,,,,,,,,,PS
,スーパー桃太郎電鉄III,1994,12,9,,,,,,,,,,,,SFC
,ワンダープロジェクトJ 機械の少年ピーノ,1994,12,9,,,,,,,,,,,,SFC
,キャプテン翼V 覇者の称号カンピオーネ,1994,12,9,,,,,,,,,,,,SFC
,真SAMURAI SPIRITS 覇王丸地獄変,1994,12,15,,,,,,,,,,,,NGCD
,がんばれゴエモン3 獅子重禄兵衛のからくり卍固め,1994,12,16,,,,,,,,,,,,SFC
,ロックマンX2,1994,12,16,,,,,,,,,,,,SFC
,蒼き伝説シュート!,1994,12,16,,,,,,,,,,,,SFC
,覇王大系リューナイト ロードオブパラディン,1994,12,22,,,,,,,,,,,,SFC
,幽☆遊☆白書 特別篇,1994,12,22,,,,,,,保持,,,,,SFC
,海腹川背,1994,12,23,,,,,,,,,,,,SFC
,機動武闘伝Gガンダム,1994,12,27,,,,,,,,,,,,SFC
,闘神伝,1995,1,1,,,,,,,,,,,,PS
,雷電プロジェクト,1995,1,27,,,,,,,,,,,,PS
,パンツァードラグーン,1995,3,10,,,,,,,,,,,,SS
,クロノ・トリガー,1995,3,11,,,,,,,,,,,,SFC
,第4次スーパーロボット大戦,1995,3,17,,,,,,,保持,,,,,SFC
,幽☆遊☆白書FINAL 魔界最強列伝,1995,3,24,,,,,,,,,,,,SFC
,RPGツクール SUPER DANTE,1995,3,31,,,,,,,,,,,,SFC
,鉄拳,1995,3,31,,,,,,,,,,,,PS
,スーパーボンバーマン3,1995,4,28,,,,,,,,,,,,SFC
,餓狼伝説3 〜遥かなる闘い〜,1995,4,28,,,,,,,,,,,,NGCD
,す〜ぱ〜なぞぷよ ルルーのルー,1995,5,26,,,,,,,保持,,,,,SFC
,機動戦士ガンダム,1995,6,23,,,,,,,保持,,,,,PS
,第2次スーパーロボット大戦G,1995,6,30,,,,,,,,,,,,GB
,エースコンバット,1995,6,30,,,,,,,,,,,,PS
,アークザラッド,1995,6,30,,,,,,,,,,,,PS
,バーチャファイターリミックス,1995,7,14,,,,,,,,,,,,SS
,実況パワフルプロ野球'95開幕版,1995,7,14,,,,,,,,,,,,PS
,スーパーヴァリアブル・ジオ,1995,7,21,,,,,,,,,,,,SFC
,Jリーグ 実況ウイニングイレブン,1995,7,21,,,,,,,,,,,,PS
,鬼神童子ZENKI 烈闘雷伝,1995,8,4,,,,,,,,,,,,SFC
,スーパーマリオ ヨッシーアイランド,1995,8,5,,,,,,,,,,,,SFC
,ストリートファイター リアルバトル オン フィルム,1995,8,11,,,,,,,,,,,,PS
,バトルロボット烈伝,1995,9,11,,,,,,,保持,,,,,SFC
,聖剣伝説3,1995,9,30,,,,,,,,,,,,SFC
,タクティクスオウガ,1995,10,6,,,,,,,,,,,,SFC
,ときめきメモリアル〜forever with you〜,1995,10,13,,,,,,,,,,,,PS
,天地創造,1995,10,20,,,,,,,,,,,,SFC
,パネルでポン,1995,10,27,,,,,,,,,,,,SFC
,ロマンシング サ・ガ3,1995,11,11,,,,,,,,,,,,SFC
,スーパードンキーコング2 ディクシー&ディディー,1995,11,21,,,,,,,,,,,,SFC
,ナムコミュージアム VOL.1,1995,11,22,,,,,,,,,,,,PS
,ロックマンX3,1995,12,1,,,,,,,,,,,,SFC
,バーチャファイター2,1995,12,1,,,,,,,,,,,,SS
,スーパー桃太郎電鉄DX,1995,12,8,,,,,,,保持,,,,,SFC
,す〜ぱ〜ぷよぷよ通,1995,12,8,,,,,,,,,,,,SFC
,ドラゴンクエストVI 幻の大地,1995,12,9,,,,,,,,,,,,SFC
,テイルズ オブ ファンタジア,1995,12,15,,,,,,,,,,,,SFC
,幻想水滸伝,1995,12,15,,,,,,,,,,,,PS
,SDガンダムGNEXT,1995,12,22,,,,,,,,,,,,SFC
,がんばれゴエモン きらきら道中〜僕がダンサーになった理由〜,1995,12,22,,,,,,,,,,,,SFC
,機動戦士ガンダム,1995,12,22,,,,,,,,,,,,SS
,ストリートファイターZERO,1995,12,22,,,,,,,,,,,,PS
,闘神伝2,1995,12,29,,,,,,,,,,,,PS
,第4次スーパーロボット大戦S,1996,1,26,,,,,,,,,,,,PS
,ヴァンパイアハンター ,1996,2,23,,,,,,,,,,,,SS
,実況パワフルプロ野球3,1996,2,29,,,,,,,,,,,,SFC
,ダービースタリオン96,1996,3,15,,,,,,,,,,,,SFC
,ワールドサッカー ウイニングイレブン,1996,3,15,,,,,,,,,,,,PS
,星のカービィ スーパーデラックス,1996,3,21,,,,,,,,,,,,SFC
,スーパーロボット大戦外伝 魔装機神 THE LORD OF ELEMENTAL,1996,3,22,,,,,,,,,,,,SFC
,天地を喰らう2 赤壁の戦い,1996,3,22,,,,,,,保持,,,,,PS
,バイオハザード,1996,3,22,,,,,,,,,,,,PS
,チョロQ,1996,3,22,,,,,,,,,,,,PS
,機動戦士ガンダムVer.2,1996,3,29,,,,,,,,,,,,PS
,あすか120%スペシャルBURNING Fest,1996,3,29,,,,,,,,,,,,PS
,ロックマンX3,1996,4,26,,,,,,,,,,,,PS
,キャプテン翼J ゲットインザトゥモロゥ,1996,5,3,,,,,,,,,,,,PS
,ドラゴンボールZ 偉大なるドラゴンボール伝説,1996,5,31,,,,,,,,,,,,PS
,スーパーマリオ64,1996,6,23,,,,,,,,,,,,N64
,ザ・キング・オブ・ファイターズ'95,1996,6,28,,,,,,,,,,,,PS
,ハイパーオリンピック イン アトランタ,1996,6,28,,,,,,,,,,,,PS
,NiGHTS（ナイツ）,1996,7,5,,,,,,,,,,,,SS
,ポポロクロイス物語,1996,7,12,,,,,,,,,,,,PS
,サターンボンバーマン,1996,7,19,,,,,,,,,,,,SS
,トバルNo.1,1996,8,2,,,,,,,,,,,,PS
,デスクリムゾン,1996,8,9,,,,,,,,,,,,SS
,ストリートファイターZERO2,1996,8,9,,,,,,,,,,,,PS
,ファイティングバイパーズ ,1996,8,30,,,,,,,,,,,,SS
,スマッシュコート,1996,9,6,,,,,,,保持,,,,,PS
,機動戦士ガンダム外伝I 戦慄のブルー,1996,9,20,,,,,,,,,,,,SS
,女神異聞録ペルソナ,1996,9,20,,,,,,,,,,,,PS
,ウェーブレース64,1996,9,27,,,,,,,,,,,,N64
,サクラ大戦,1996,9,27,,,,,,,,,,,,SS
,サイキックフォース,1996,10,4,,,,,,,,,,,,PS
,スターグラディエイター,1996,10,25,,,,,,,保持,,,,,PS
,アークザラッドII,1996,11,1,,,,,,,,,,,,PS
,ぷよぷよ通 決定盤,1996,11,15,,,,,,,,,,,,PS
,電脳戦機バーチャロン,1996,11,29,,,,,,,,,,,,SS
,るろうに剣心 -明治剣客浪漫譚- 維新激闘編,1996,11,29,,,,,,,,,,,,PS
,ドラゴンクエストIII そして伝説へ…,1996,12,6,,,,,,,保持,,,,,SFC
,機動戦士ガンダム外伝II 蒼を受け継ぐ者 ,1996,12,6,,,,,,,,,,,,SS
,パラッパラッパー,1996,12,6,,,,,,,,,,,,PS
,クロックタワー2,1996,12,13,,,,,,,,,,,,PS
,マリオカート64,1996,12,14,,,,,,,,,,,,N64
,ミニ四駆 シャイニングスコーピオン レッツ＆ゴー!!,1996,12,20,,,,,,,,,,,,SFC
,ソウルエッジ,1996,12,20,,,,,,,,,,,,PS
,ワイルドアームズ,1996,12,20,,,,,,,,,,,,PS
,新スーパーロボット大戦,1996,12,27,,,,,,,保持,,,,,PS
,リアルバウト餓狼伝説,1997,1,10,,,,,,,,,,,,PS
,レイストーム,1997,1,10,,,,,,,,,,,,PS
,ダイナマイト刑事,1997,1,24,,,,,,,,,,,,SS
,プリンセスメーカー 夢みる妖精,1997,1,24,,,,,,,,,,,,PS
,I.Q インテリジェントキューブ,1997,1,31,,,,,,,,,,,,PS
,ファイナルファンタジーVII,1997,1,31,,,,,,,保持,,,,,PS
,ぷよぷよSUN,1997,2,14,,,,,,,,,,,,SS
,チョロQ2,1997,2,21,,,,,,,,,,,,PS
,海腹川背・旬,1997,2,28,,,,,,,,,,,,PS
,実況パワフルプロ野球4,1997,3,13,,,,,,,,,,,,N64
,SDガンダム GCENTURY,1997,3,20,,,,,,,,,,,,PS
,悪魔城ドラキュラX 月下の夜想曲,1997,3,20,,,,,,,,,,,,PS
,サイバーボッツ,1997,3,28,,,,,,,,,,,,SS
,メタルスラッグ,1997,4,4,,,,,,,,,,,,SS
,アランドラ,1997,4,11,,,,,,,,,,,,PS
,トバル2,1997,4,25,,,,,,,,,,,,PS
,スターフォックス64,1997,4,27,,,,,,,,,,,,N64
,機動戦艦ナデシコ〜やっぱり最後は「愛が勝つ」?〜,1997,5,2,,,,,,,,,,,,SS
,マリーのアトリエ ザールブルグの錬金術士,1997,5,23,,,,,,,,,,,,PS
,エースコンバット2,1997,5,30,,,,,,,,,,,,PS
,ファイナルファンタジータクティクス,1997,6,20,,,,,,,,,,,,PS
,ガンダム・ザ・バトルマスター,1997,6,20,,,,,,,保持,,,,,PS
,ゆけゆけ!!トラブルメーカーズ,1997,6,27,,,,,,,,,,,,N64
,ザ・キング・オブ・ファイターズ'96,1997,7,4,,,,,,,,,,,,PS
,アーマードコア,1997,7,10,,,,,,,,,,,,PS
,サガ フロンティア,1997,7,11,,,,,,,,,,,,PS
,みんなのGOLF,1997,7,17,,,,,,,,,,,,PS
,雷弩機兵ガイブレイブ,1997,7,17,,,,,,,,,,,,PS
,モンスターファーム,1997,7,24,,,,,,,,,,,,PS
,スレイヤーズろいやる,1997,7,25,,,,,,,,,,,,SS
,スペースインベーダー,1997,7,31,,,,,,,,,,,,PS
,ラングリッサー IV,1997,8,1,,,,,,,,,,,,SS
,ゴールデンアイ 007,1997,8,23,,,,,,,,,,,,N64
,ブレス オブ ファイアIII,1997,9,11,,,,,,,,,,,,PS
,爆ボンバーマン,1997,9,26,,,,,,,,,,,,N64
,デッド オア アライブ,1997,10,9,,,,,,,,,,,,SS
,スペクトラルフォース,1997,10,9,,,,,,,保持,,,,,PS
,カルコロ!おちものシューティング,1997,11,6,,,,,,,,,,,,PS
,X-MEN VS. STREET FIGHTER,1997,11,27,,,,,,,,,,,,SS
,ぷよぷよSUN 決定盤,1997,11,27,,,,,,,,,,,,PS
,RPGツクール3,1997,11,27,,,,,,,,,,,,PS
,メダロット カブトバージョン,1997,11,28,,,,,,,,,,,,GB
,プリンセスクラウン,1997,12,11,,,,,,,,,,,,SS
,風のクロノア door to phantomile,1997,12,11,,,,,,,,,,,,PS
,ロックマンDASH 鋼の冒険心,1997,12,12,,,,,,,,,,,,PS
,るろうに剣心 -明治剣客浪漫譚- 十勇士陰謀編,1997,12,18,,,,,,,保持,,,,,PS
,グランツーリスモ,1997,12,23,,,,,,,,,,,,PS
,テイルズ オブ デスティニー,1997,12,23,,,,,,,,,,,,PS
,サムライスピリッツ天草降臨スペシャル,1997,12,25,,,,,,,,,,,,PS
,大運動会オルタナティヴ,1998,1,15,,,,,,,,,,,,PS
,バストアムーブ,1998,1,29,,,,,,,,,,,,PS
,ゼノギアス,1998,2,11,,,,,,,,,,,,PS
,チョロQ3,1998,2,19,,,,,,,,,,,,PS
,Piaキャロットへようこそ!!,1998,3,12,,,,,,,,,,,,SS
,デッド オア アライブ,1998,3,12,,,,,,,,,,,,PS
,ガンダム・ザ・バトルマスター2,1998,3,12,,,,,,,保持,,,,,PS
,ブシドーブレード弐,1998,3,12,,,,,,,,,,,,PS
,新世紀エヴァンゲリオン 鋼鉄のガールフレンド,1998,3,26,,,,,,,,,,,,SS
,悠久幻想曲 2nd Album,1998,3,26,,,,,,,,,,,,PS
,パラサイト・イヴ,1998,3,29,,,,,,,,,,,,PS
,サクラ大戦2 〜君、死にたもうことなかれ〜,1998,4,4,,,,,,,,,,,,SS
,ヴァンパイアセイヴァー,1998,4,16,,,,,,,,,,,,SS
,テイルコンチェルト,1998,4,16,,,,,,,,,,,,PS
,ワールドサッカー実況ウイニングイレブン3 ワールドカップ フランス'98,1998,5,28,,,,,,,,,,,,PS
,ポケットファイター,1998,6,11,,,,,,,,,,,,PS
,XI,1998,6,18,,,,,,,,,,,,PS
,スレイヤーズ ろいやる,1998,6,25,,,,,,,,,,,,PS
,ダブルキャスト,1998,6,25,,,,,,,,,,,,PS
,季節を抱きしめて,1998,7,23,,,,,,,,,,,,PS
,実況パワフルプロ野球'98開幕版,1998,7,23,,,,,,,保持,,,,,PS
,影牢 〜刻命館 真章〜,1998,7,23,,,,,,,,,,,,PS
,スターオーシャン セカンドストーリー,1998,7,30,,,,,,,保持,,,,,PS
,私立ジャスティス学園 LEGION OF HEROES,1998,7,30,,,,,,,,,,,,PS
,メタルギアソリッド,1998,9,3,,,,,,,保持,,,,,PS
,御神楽少女探偵団,1998,9,17,,,,,,,,,,,,PS
,機動戦艦ナデシコ The blank of 3years,1998,9,23,,,,,,,,,,,,SS
,デストレーガ ,1998,9,23,,,,,,,,,,,,PS
,いただきストリート ゴージャスキング,1998,9,23,,,,,,,,,,,,PS
,ビートマニア,1998,10,1,,,,,,,,,,,,PS
,スペクトラルフォース2,1998,10,15,,,,,,,保持,,,,,PS
,マーヴル・スーパーヒーローズ VS. ストリートファイター,1998,10,22,,,,,,,,,,,,SS
,レガイア伝説,1998,10,29,,,,,,,,,,,,PS
,ドカポン!怒りの鉄剣,1998,11,5,,,,,,,,,,,,PS
,スマッシュコート2,1998,11,12,,,,,,,,,,,,PS
,バンジョーとカズーイの大冒険,1998,12,6,,,,,,,,,,,,N64
,機動戦士ガンダム 逆襲のシャア,1998,12,17,,,,,,,保持,,,,,PS
,マール王国の人形姫,1998,12,17,,,,,,,,,,,,PS
,サウザンドアームズ,1998,12,17,,,,,,,,,,,,PS
,新世代ロボット戦記ブレイブサーガ,1998,12,17,,,,,,,保持,,,,,PS
,クラッシュ・バンディクー3 ブッとび!世界一周,1998,12,17,,,,,,,,,,,,PS
,エアガイツ,1998,12,17,,,,,,,,,,,,PS
,テイルズ オブ ファンタジア,1998,12,23,,,,,,,,,,,,PS
,ストリートファイターZERO3,1998,12,23,,,,,,,保持,,,,,PS
,ニンテンドウオールスター!大乱闘スマッシュブラザーズ,1999,1,21,,,,,,,,,,,,N64
,ブラッディロア2,1999,1,28,,,,,,,,,,,,PS
,ファイナルファンタジーVIII,1999,2,11,,,,,,,,,,,,PS
,パワーストーン,1999,2,25,,,,,,,,,,,,DC
,ポップンミュージック,1999,2,25,,,,,,,,,,,,PS
,GUNPEY,1999,3,4,,,,,,,,,,,,WS
,火魅子伝 〜恋解〜,1999,3,11,,,,,,,,,,,,PS
,ぷよぷよ〜ん,1999,3,14,,,,,,,保持,,,,,DC
,北へ。 White Illumination,1999,3,18,,,,,,,,,,,,DC
,ウンジャマ・ラミー,1999,3,18,,,,,,,,,,,,PS
,チョコボレーシング 〜幻界へのロード〜,1999,3,18,,,,,,,,,,,,PS
,ポケモンスナップ,1999,3,21,,,,,,,,,,,,N64
,ザ・ハウス・オブ・ザ・デッド2,1999,3,25,,,,,,,,,,,,DC
,To Heart,1999,3,25,,,,,,,,,,,,PS
,輝く季節へ,1999,4,1,,,,,,,,,,,,PS
,Dance Dance Revolution,1999,4,10,,,,,,,,,,,,PS
,コットン・オリジナル,1999,4,28,,,,,,,,,,,,PS
,カルドセプト エキスパンション,1999,5,1,,,,,,,,,,,,PS
,ダイナマイト刑事2,1999,5,27,,,,,,,,,,,,DC
,スーパーロボット大戦コンプリートボックス,1999,6,10,,,,,,,保持,,,,,PS
,俺の屍を越えてゆけ,1999,6,17,,,,,,,,,,,,PS
,パカパカパッション,1999,6,24,,,,,,,,,,,,PS
,私立ジャスティス学園熱血青春日記2,1999,6,24,,,,,,,,,,,,PS
,ペルソナ2 罪,1999,6,24,,,,,,,,,,,,PS
,ディノクライシス,1999,7,1,,,,,,,,,,,,PS
,スレイヤーズ ろいやる2,1999,7,1,,,,,,,,,,,,PS
,ギターフリークス,1999,7,29,,,,,,,,,,,,PS
,ソウルキャリバー,1999,8,5,,,,,,,,,,,,DC
,リアルロボット戦線,1999,8,12,,,,,,,保持,,,,,PS
,機動戦艦ナデシコ NADESICO THE MISSION,1999,8,26,,,,,,,,,,,,DC
,機動戦士ガンダム外伝 コロニーの落ちた地で…,1999,8,26,,,,,,,,,,,,DC
,スペクトラルフォース 愛しき邪悪,1999,8,26,,,,,,,保持,,,,,PS
,いつか重なりあう未来へ シロウ編,1999,8,26,,,,,,,保持,,,,,PS
,ワールドサッカー実況ウイニングイレブン4,1999,9,2,,,,,,,保持,,,,,PS
,Jリーグプロサッカークラブをつくろう!,1999,9,30,,,,,,,,,,,,DC
,サイキックフォース2,1999,10,7,,,,,,,,,,,,PS
,ジルオール,1999,10,7,,,,,,,保持,,,,,PS
,デュープリズム,1999,10,14,,,,,,,,,,,,PS
,ギガウイング,1999,11,11,,,,,,,保持,,,,,DC
,真・魔装機神 PANZER WARFARE,1999,11,25,,,,,,,,,,,,PS
,サンライズ英雄譚,1999,12,2,,,,,,,保持,,,,,DC
,カスタムロボ,1999,12,8,,,,,,,,,,,,N64
,電脳戦機バーチャロン オラトリオ・タングラム,1999,12,9,,,,,,,,,,,,DC
,グランツーリスモ2,1999,12,11,,,,,,,保持,,,,,PS
,スペースチャンネル5,1999,12,16,,,,,,,,,,,,DC
,マリオパーティ2,1999,12,17,,,,,,,,,,,,N64
,頂上決戦 最強ファイターズ SNK VS. CAPCOM,1999,12,22,,,,,,,,,,,,NGPC
,ヴァルキリープロファイル,1999,12,22,,,,,,,,,,,,PS
,魔剣X,1999,12,25,,,,,,,,,,,,DC
,ジョジョの奇妙な冒険 未来への遺産,1999,12,25,,,,,,,,,,,,DC
,クレイジータクシー,2000,1,27,,,,,,,,,,,,DC
,機動戦士ガンダム ギレンの野望 ジオンの系譜,2000,2,10,,,,,,,保持,,,,,PS
,ストリートファイターEX3,2000,3,4,,,,,,,,,,,,PS2
,MARVEL VS. CAPCOM 2 NEW AGE OF HEROES,2000,3,30,,,,,,,,,,,,DC
,ザ・タイピング・オブ・ザ・デッド,2000,3,30,,,,,,,,,,,,DC
,デッド オア アライブ2,2000,3,30,,,,,,,,,,,,PS2
,ポケットファイター,2000,4,6,,,,,,,,,,,,WSC
,パワーストーン2,2000,4,27,,,,,,,,,,,,DC
,ファイナルファンタジーIX,2000,7,7,,,,,,,,,,,,PS
,真・三國無双,2000,8,3,,,,,,,,,,,,PS2
,CAPCOM VS. SNK ミレニアムファイト2000,2000,9,6,,,,,,,保持,,,,,DC
,サンライズ英雄譚R,2000,11,22,,,,,,,保持,,,,,PS2
,パワースマッシュ,2000,11,23,,,,,,,保持,,,,,DC
,テイルズ オブ エターニア,2000,11,30,,,,,,,保持,,,,,PS
,はじめの一歩 VICTORIOUS BOXERS,2000,12,14,,,,,,,保持,,,,,PS2
,ファンタシースターオンライン,2000,12,21,,,,,,,,,,,,DC
,NBA 2K1,2001,3,29,,,,,,,保持,,,,,DC
,グランツーリスモ3 A-spec,2001,4,28,,,,,,,保持,,,,,PS2
,ファイナルファンタジーX,2001,7,19,,,,,,,,,,,,PS2
,マリオカートアドバンス,2001,7,21,,,,,,,,,,,,GBA
,デビルメイクライ,2001,8,23,,,,,,,,,,,,PS2
,スーパーモンキーボール,2001,9,14,,,,,,,,,,,,GC
,真・三國無双2,2001,9,20,,,,,,,,,,,,PS2
,パワースマッシュ2,2001,11,15,,,,,,,保持,,,,,DC
,大乱闘スマッシュブラザーズDX,2001,11,21,,,,,,,,,,,,GC
, メタルギアソリッド2 サンズ・オブ・リバティ,2001,11,29,,,,,,,保持,,,,,PS2
,ICO,2001,12,6,,,,,,,,,,,,PS2
,機動戦士ガンダム 連邦vs.ジオンDX,2001,12,6,,,,,,,保持,,,,,PS2
,ワールドサッカーウイニングイレブン5 ファイナルエヴォリューション,2001,12,13,,,,,,,保持,,,,,PS2
,ゼノサーガ エピソードI［力への意志］,2002,2,28,,,,,,,保持,,,,,PS2
,アーマード・コア3,2002,4,4,,,,,,,,,,,,PS2
,HALO,2002,4,25,,,,,,,,,,,,XBox
,ワールドサッカーウイニングイレブン6,2002,4,25,,,,,,,保持,,,,,PS2
,.hack//感染拡大 Vol.1,2002,6,20,,,,,,,,,,,,PS2
,機動戦士ガンダム戦記 Lost War Chronicles,2002,8,1,,,,,,,,,,,,PS2
,伝説のスタフィー,2002,9,6,,,,,,,,,,,,GBA
,鉄騎,2002,9,12,,,,,,,,,,,,XBox
,テイルズ オブ デスティニー2,2002,11,28,,,,,,,保持,,,,,PS2
,スターオーシャン Till the End of Time,2003,2,27,,,,,,,保持,,,,,PS2
,真・三國無双3,2003,2,27,,,,,,,保持,,,,,PS2
,ファイナルファンタジーX-2,2003,3,13,,,,,,,,,,,,PS2
,ファイアーエムブレム 烈火の剣,2003,4,25,,,,,,,保持,,,,,GBA
,メタルスラッグ3,2003,6,19,,,,,,,,,,,,PS2
,THE 地球防衛軍 ,2003,6,26,,,,,,,保持,,,,,PS2
,カービィのエアライド,2003,7,11,,,,,,,,,,,,GC
,ワールドサッカーウイニングイレブン7,2003,8,7,,,,,,,保持,,,,,PS2
,マリオカート ダブルダッシュ!!,2003,11,7,,,,,,,,,,,,GC
,マリオパーティ5,2003,11,28,,,,,,,,,,,,GC
,SSX3,2003,12,18,,,,,,,保持,,,,,PS2
,塊魂,2004,3,18,,,,,,,,,,,,PS2
,ロックマンゼロ3,2004,4,23,,,,,,,,,,,,GBA
,ワールドサッカーウイニングイレブン8,2004,8,5,,,,,,,保持,,,,,PS2
,鋼の錬金術師 ドリームカーニバル ,2004,8,26,,,,,,,,,,,,PS2
,マッデンNFL スーパーボウル 2005,2004,11,18,,,,,,,保持,,,,,PS2
,ドラゴンクエストVIII 空と海と大地と呪われし姫君,2004,11,27,,,,,,,,,,,,PS2
,きみのためなら死ねる,2004,12,2,,,,,,,保持,,,,,NDS
,テニスの王子様2005 クリスタルドライブ,2004,12,2,,,,,,,保持,,,,,NDS
,機動戦士ガンダム ガンダムvs.Ζガンダム,2004,12,9,,,,,,,,,,,,PS2
,どこでもいっしょ,2004,12,16,,,,,,,保持,,,,,PSP
,テイルズ オブ リバース,2004,12,16,,,,,,,保持,,,,,PS2
,メタルギアソリッド3 スネークイーター,2004,12,16,,,,,,,保持,,,,,PS2
,グランツーリスモ4,2004,12,28,,,,,,,保持,,,,,PS2
,真・三國無双4,2005,2,24,,,,,,,保持,,,,,PS2
,メテオス,2005,3,10,,,,,,,保持,,,,,NDS
,機動戦士ガンダム 一年戦争,2005,4,7,,,,,,,,,,,,PS2
,nintendogs 柴&フレンズ,2005,4,21,,,,,,,保持,,,,,NDS
,脳を鍛える大人のDSトレーニング,2005,5,19,,,,,,,保持,,,,,NDS
,ボンバーマン,2005,5,19,,,,,,,,,,,,NDS
,幽☆遊☆白書FOREVER,2005,5,19,,,,,,,,,,,,PS2
,やわらかあたま塾,2005,6,30,,,,,,,,,,,,NDS
,ロックマンエグゼ5DS ツインリーダーズ,2005,7,21,,,,,,,,,,,,NDS
,押忍!闘え!応援団,2005,7,28,,,,,,,,,,,,NDS
,ワールドサッカーウイニングイレブン9,2005,8,4,,,,,,,保持,,,,,PS2
,ジャンプスーパースターズ,2005,8,8,,,,,,,,,,,,NDS
,逆転裁判 蘇る逆転,2005,9,15,,,,,,,,,,,,NDS
,プリンセスクラウン,2005,9,22,,,,,,,保持,,,,,PSP
,ワンダと巨像,2005,10,27,,,,,,,保持,,,,,PS2
,だれでもアソビ大全,2005,11,3,,,,,,,,,,,,NDS
,機動戦士ガンダムSEED 連合vs.Z.A.F.T.,2005,11,17,,,,,,,保持,,,,,PS2
,マリオカートDS,2005,12,8,,,,,,,保持,,,,,NDS
,THE お姉チャンバラ2,2005,12,22,,,,,,,保持,,,,,PS2
,ぷよぷよフィーバー2,2005,12,24,,,,,,,保持,,,,,NDS
,もっと脳を鍛える大人のDSトレーニング,2005,12,29,,,,,,,保持,,,,,NDS
,マリオ&ルイージRPG2,2005,12,29,,,,,,,保持,,,,,NDS
,BLEACH DS 蒼天に駆ける運命,2006,1,26,,,,,,,保持,,,,,NDS
,英語が苦手な大人のDSトレーニング えいご漬け,2006,1,26,,,,,,,保持,,,,,NDS
,いつでもどこでも できる将棋 AI将棋DS,2006,2,23,,,,,,,保持,,,,,NDS
,聖剣伝説DS CHILDREN of MANA,2006,3,2,,,,,,,保持,,,,,NDS
,ファイナルファンタジーXII,2006,3,16,,,,,,,保持,,,,,PS2
,プロサッカークラブをつくろう! ヨーロッパチャンピオンシップ,2006,3,29,,,,,,,保持,,,,,PS2
,テトリスDS,2006,4,27,,,,,,,保持,,,,,NDS
,ワールドサッカーウイニングイレブン10,2006,4,27,,,,,,,保持,,,,,PS2
,New スーパーマリオブラザーズ,2006,5,25,,,,,,,保持,,,,,NDS
,リズム天国,2006,8,3,,,,,,,保持,,,,,GBA
,スターフォックス コマンド,2006,8,3,,,,,,,保持,,,,,NDS
,ファイナルファンタジーIII,2006,8,24,,,,,,,保持,,,,,NDS
,ガンダムバトルロワイヤル,2006,10,5,,,,,,,保持,,,,,PSP
,ファイナルファンタジーV アドバンス,2006,10,12,,,,,,,保持,,,,,GBA
,激闘! カスタムロボ,2006,10,19,,,,,,,,,,,,NDS
,大人の常識力トレーニングDS,2006,10,26,,,,,,,,,,,,NDS
,ワールドサッカーウイニングイレブンDS,2006,11,2,,,,,,,保持,,,,,NDS
,ファイナルファンタジーVI アドバンス,2006,11,30,,,,,,,保持,,,,,GBA
,Wii Sports,2006,12,2,,,,,,,保持,,,,,Wii
,ゼルダの伝説 トワイライトプリンセス,2006,12,2,,,,,,,保持,,,,,Wii
,はじめてのWii,2006,12,2,,,,,,,保持,,,,,Wii
,SDガンダム スカッドハンマーズ,2006,12,2,,,,,,,,,,,,Wii
,縁日の達人,2006,12,2,,,,,,,,,,,,Wii
,ラビッツ・パーティー,2006,12,14,,,,,,,保持,,,,,Wii
,ワールドサッカー ウイニングイレブン10 ユビキタスエヴォリューション,2006,12,14,,,,,,,保持,,,,,PSP
,メタルギアソリッド ポータブル・オプス,2006,12,21,,,,,,,保持,,,,,PSP
,世界樹の迷宮,2007,1,18,,,,,,,,,,,,NDS
,BLEACH DS 2nd 黒衣ひらめく鎮魂歌,2007,2,15,,,,,,,保持,,,,,NDS
,レイトン教授と不思議な町,2007,2,15,,,,,,,,,,,,NDS
,ファイアーエムブレム 暁の女神,2007,2,22,,,,,,,保持,,,,,Wii
,ボンバーマンランド Wii,2007,3,8,,,,,,,,,,,,Wii
,ことばのパズル もじぴったんDS,2007,3,15,,,,,,,保持,,,,,NDS
,無双OROCHI,2007,3,21,,,,,,,保持,,,,,PS2
,スーパーペーパーマリオ,2007,4,19,,,,,,,保持,,,,,Wii
,ファイナルファンタジータクティクス 獅子戦争,2007,5,10,,,,,,,保持,,,,,PSP
,オーディンスフィア,2007,5,17,,,,,,,保持,,,,,PS2
,いただきストリートDS,2007,6,21,,,,,,,,,,,,NDS
,ドラゴンクエストソード 仮面の女王と鏡の塔,2007,7,12,,,,,,,保持,,,,,Wii
,マリオパーティ8,2007,7,26,,,,,,,,,,,,Wii
,みんなのGOLF 5,2007,7,26,,,,,,,保持,,,,,PS3
,ガンダムバトルクロニクル,2007,10,4,,,,,,,保持,,,,,PSP
,スーパーマリオギャラクシー,2007,11,1,,,,,,,保持,,,,,Wii
,マリオパーティDS,2007,11,8,,,,,,,,,,,,NDS
,ドラゴンクエストIV 導かれし者たち,2007,11,22,,,,,,,保持,,,,,NDS
,ワールドサッカー ウイニングイレブン 2008,2007,11,22,,,,,,,保持,,,,,PS2
,レイトン教授と悪魔の箱,2007,11,29,,,,,,,,,,,,NDS
,Wii Fit,2007,12,1,,,,,,,保持,,,,,Wii
,アンチャーテッド エル・ドラドの秘宝,2007,12,6,,,,,,,保持,,,,,PS3
,高速カードバトル カードヒーロー,2007,12,20,,,,,,,保持,,,,,NDS
,ファイナルファンタジーIV,2007,12,20,,,,,,,保持,,,,,NDS
,フロム・ジ・アビス,2008,1,17,,,,,,,保持,,,,,NDS
,大乱闘スマッシュブラザーズX,2008,1,31,,,,,,,保持,,,,,Wii
,ファミリースキー,2008,1,31,,,,,,,,,,,,Wii
,ウイニングイレブンプレーメーカー2008,2008,2,28,,,,,,,保持,,,,,Wii
,モンスターハンターポータブル 2nd G,2008,3,27,,,,,,,保持,,,,,PSP
,無双OROCHI 魔王再臨,2008,4,3,,,,,,,保持,,,,,PS2
,マリオカートWii,2008,4,10,,,,,,,保持,,,,,Wii
,メタルギアソリッド4 ガンズ・オブ・ザ・パトリオット,2008,6,12,,,,,,,保持,,,,,PS3
,テイルズ オブ シンフォニア -ラタトスクの騎士-,2008,6,26,,,,,,,,,,,,Wii
,大合奏!バンドブラザーズDX,2008,6,26,,,,,,,保持,,,,,NDS
,ペルソナ4,2008,7,10,,,,,,,保持,,,,,PS2
,ドラゴンクエストV 天空の花嫁,2008,7,17,,,,,,,保持,,,,,NDS
,ガンダムバトルユニバース,2008,7,17,,,,,,,保持,,,,,PSP
,リズム天国ゴールド,2008,7,31,,,,,,,保持,,,,,NDS
,ファイアーエムブレム 新・暗黒竜と光の剣,2008,8,7,,,,,,,,,,,,NDS
,Jリーグウイニングイレブン2008 クラブチャンピオンシップ,2008,8,31,,,,,,,保持,,,,,PS2
,クイズマジックアカデミーDS,2008,9,12,,,,,,,保持,,,,,NDS
,マクロスエースフロンティア,2008,10,9,,,,,,,保持,,,,,PSP
,星のカービィ ウルトラスーパーデラックス,2008,11,6,,,,,,,保持,,,,,NDS
,クロノ・トリガー,2008,11,20,,,,,,,保持,,,,,NDS
,ガンダム無双2,2008,12,8,,,,,,,,,,,,PS3
,ワールドサッカー ウイニングイレブン 2009,2009,1,29,,,,,,,保持,,,,,PS2
,機動戦士ガンダム ギレンの野望 アクシズの脅威V,2009,2,12,,,,,,,保持,,,,,PS2
,機動戦士ガンダム ギレンの野望 アクシズの脅威V,2009,2,12,,,,,,,保持,,,,,PS2
,ストリートファイターIV,2009,2,12,,,,,,,保持,,,,,PS3
,朧村正,2009,4,9,,,,,,,保持,,,,,Wii
,ペルソナ,2009,4,29,,,,,,,保持,,,,,PSP
,Wii Sports Resort,2009,6,25,,,,,,,保持,,,,,Wii
,ドラゴンクエストIX 星空の守り人,2009,7,11,,,,,,,保持,,,,,NDS
,モンスターハンター3,2009,8,1,,,,,,,保持,,,,,Wii
,ラブプラス,2009,9,3,,,,,,,,,,,,NDS
,ポケットモンスター ソウルシルバー,2009,9,12,,,,,,,保持,,,,,NDS
,ポケットモンスター ハートゴールド,2009,9,12,,,,,,,保持,,,,,NDS
,グランツーリスモ,2009,10,1,,,,,,,保持,,,,,PSP
,大神,2009,10,15,,,,,,,保持,,,,,Wii
,アンチャーテッド 黄金刀と消えた船団,2009,10,15,,,,,,,保持,,,,,PS3
,ベヨネッタ,2009,10,29,,,,,,,,,,,,PS3
,ペルソナ3ポータブル,2009,11,1,,,,,,,保持,,,,,PSP
,New スーパーマリオブラザーズ Wii,2009,12,3,,,,,,,保持,,,,,Wii
,ワールドサッカー ウイニングイレブン 2010,2009,12,10,,,,,,,保持,,,,,PS2
,ドラゴンクエストVI 幻の大地,2010,1,28,,,,,,,保持,,,,,NDS
,斬撃のレギンレイヴ,2010,2,11,,,,,,,保持,,,,,Wii
,ガンダムアサルトサヴァイブ,2010,3,18,,,,,,,保持,,,,,PSP
,ノーモア★ヒーローズ 英雄たちの楽園,2010,4,15,,,,,,,保持,,,,,PS3
,メタルギアソリッド ピースウォーカー,2010,4,29,,,,,,,保持,,,,,PSP
,ロストプラネット2,2010,5,20,,,,,,,,,,,,PS3
,ワールドサッカー ウイニングイレブン2010 蒼き侍の挑戦,2010,5,20,,,,,,,保持,,,,,PS3
,スーパーマリオギャラクシー2,2010,5,27,,,,,,,保持,,,,,Wii
,スーパーロボット大戦OGサーガ 魔装機神 THE LORD OF ELEMENTAL,2010,5,27,,,,,,,保持,,,,,NDS
,ロックマン ゼロ コレクション,2010,6,10,,,,,,,保持,,,,,NDS
,戦国BASARA3,2010,7,29,,,,,,,,,,,,PS3
,劇場版マクロスF〜イツワリノウタヒメ〜 Hybrid Pack,2010,10,7,,,,,,,保持,,,,,PS3
,VANQUISH,2010,10,21,,,,,,,,,,,,PS3
,ワールドサッカー ウイニングイレブン 2011,2010,10,28,,,,,,,保持,,,,,PS3
,ダンガンロンパ 希望の学園と絶望の高校生,2010,11,25,,,,,,,保持,,,,,PSP
,グランツーリスモ5,2010,11,25,,,,,,,保持,,,,,PS3
,モンスターハンターポータブル 3rd,2010,12,1,,,,,,,保持,,,,,PSP
,ラストストーリー,2011,1,27,,,,,,,保持,,,,,Wii
,Dragon Age: Origins,2011,1,27,,,,,,,保持,,,,,PS3
,真・三國無双6,2011,3,10,,,,,,,保持,,,,,PS3
,inFAMOUS 2,2011,7,7,,,,,,,保持,,,,,PS3
,ICO,2011,9,22,,,,,,,保持,,,,,PS3
,ワンダと巨像,2011,9,22,,,,,,,保持,,,,,PS3
,DARK SOULS,2011,9,22,,,,,,,保持,,,,,PS3
,ワールドサッカー ウイニングイレブン 2012,2011,10,6,,,,,,,保持,,,,,PS3
,劇場版マクロスF〜サヨナラノツバサ〜 Hybrid Pack,2011,10,22,,,,,,,保持,,,,,PS3
,アンチャーテッド 砂漠に眠るアトランティス,2011,11,2,,,,,,,保持,,,,,PS3
,ワールドサッカー ウイニングイレブン 2013,2012,10,4,,,,,,,保持,,,,,PS3
,メタルギア ライジング リベンジェンス,2013,2,21,,,,,,,保持,,,,,PS3
,初音ミク Project DIVA F,2013,3,7,,,,,,,保持,,,,,PS3
,ドラゴンズ ドグマ：ダークアリズン,2013,4,25,,,,,,,保持,,,,,PS3
,ガンダムブレイカー,2013,6,27,,,,,,,保持,,,,,PS3
,ドラゴンズクラウン,2013,7,25,,,,,,,保持,,,,,PSVITA
,ドラゴンズクラウン,2013,7,25,,,,,,,保持,,,,,PS3
,ジョジョの奇妙な冒険 オールスターバトル,2013,8,29,,,,,,,保持,,,,,PS3
,モンスターハンター4,2013,9,14,,,,,,,保持,,,,,3DS
,ワールドサッカー ウイニングイレブン 2014,2013,11,14,,,,,,,保持,,,,,PS3
,グランツーリスモ6,2013,12,6,,,,,,,保持,,,,,PS3
,DARK SOULS II,2014,3,13,,,,,,,保持,,,,,PS3
,メタルギアソリッドV グラウンド・ゼロズ,2014,3,20,,,,,,,保持,,,,,PS4
,俺の屍を越えてゆけ2,2014,7,17,,,,,,,保持,,,,,PSVITA
,ワールドサッカー ウイニングイレブン 2015,2014,11,13,,,,,,,保持,,,,,PS3
,ドラゴンクエストヒーローズ 闇竜と世界樹の城,2015,2,26,,,,,,,保持,,,,,PS3
,メタルギアソリッドV ファントムペイン,2015,9,2,,,,,,,保持,,,,,PS4
,ウイニングイレブン 2016,2015,10,1,,,,,,,保持,,,,,PS4
,グランド・セフト・オート・サンアンドレアス,2015,12,17,,,,,,,保持,,,,,PS3
,DARK SOULS III,2016,3,24,,,,,,,保持,,,,,PS4
,アンチャーテッド 海賊王と最後の秘宝,2016,5,10,,,,,,,保持,,,,,PS4
,ドラゴンクエストヒーローズII 双子の王と予言の終わり,2016,5,27,,,,,,,保持,,,,,PS4
,ペルソナ5,2016,9,15,,,,,,,保持,,,,,PS4
,ウイニングイレブン 2017,2016,9,15,,,,,,,保持,,,,,PS4
,人喰いの大鷲トリコ,2016,12,6,,,,,,,保持,,,,,PS4
,仁王,2017,2,6,,,,,,,保持,,,,,PS4
,ニーア オートマタ,2017,2,23,,,,,,,保持,,,,,PS4
,ゼルダの伝説 ブレス オブ ザ ワイルド,2017,3,3,,,,,,,保持,,,,,Switch
,マリオカート8 デラックス,2017,4,28,,,,,,,保持,,,,,Switch
,スプラトゥーン2,2017,7,21,,,,,,,保持,,,,,Switch
,ドラゴンクエストXI 過ぎ去りし時を求めて,2017,7,29,,,,,,,保持,,,,,PS4
,ウイニングイレブン 2018,2017,9,14,,,,,,,保持,,,,,PS4
,アンチャーテッド 古代神の秘宝,2017,9,14,,,,,,,保持,,,,,PS4
,ファイアーエムブレム無双,2017,9,28,,,,,,,保持,,,,,Switch
,スーパーマリオ オデッセイ,2017,10,27,,,,,,,保持,,,,,Switch
,いっしょにチョキッと スニッパーズ プラス,2017,11,10,,,,,,,保持,,,,,Switch
,モンスターハンター：ワールド,2018,1,26,,,,,,,保持,,,,,PS4
,真・三國無双8,2018,2,8,,,,,,,保持,,,,,PS4
,ワンダと巨像,2018,2,8,,,,,,,保持,,,,,PS4
