Group,Year,Month,Day,Time,End Year,End Month,End Day,End Time,Display Date,Title,Detail,URL,Image URL,(未実装) Image Credit,Type,(未実装) Color
聖書の各書の一覧,-6000,,,,-1657,,,,,創世,モーセ,,,,,
聖書の各書の一覧,-1657,,,,-1512,,,,,出エジプト,モーセ,,,,,
聖書の各書の一覧,-1512,,,,-1512,,,,,レビ,モーセ,,,,,
聖書の各書の一覧,-1512,,,,-1473,,,,,民数,モーセ,,,,,
聖書の各書の一覧,-1473,,,,-1473,,,,,申命,モーセ,,,,,
聖書の各書の一覧,-1473,,,,-1450,,,,,ヨシュア,ヨシュア,,,,,
聖書の各書の一覧,-1450,,,,-1120,,,,,裁き人,サムエル,,,,,
聖書の各書の一覧,,,,,,,,,,ルツ,サムエル,,,,,
聖書の各書の一覧,-1180,,,,-1078,,,,,サムエル第一,サムエル、ガド、ナタン,,,,,
聖書の各書の一覧,-1077,,,,-1040,,,,,サムエル第二,ガド、ナタン,,,,,
聖書の各書の一覧,-1040,,,,-911,,,,,列王第一,エレミヤ,,,,,
聖書の各書の一覧,-920,,,,-580,,,,,列王第二,エレミヤ,,,,,
聖書の各書の一覧,-1077,,,,-1037,,,,,歴代第一,エズラ,,,,,
聖書の各書の一覧,-1037,,,,-537,,,,,歴代第二,エズラ,,,,,
聖書の各書の一覧,-537,,,,-467,,,,,エズラ,エズラ,,,,,
聖書の各書の一覧,-456,,,,-443,,,,,ネヘミヤ,ネヘミヤ,,,,,
聖書の各書の一覧,-493,,,,-475,,,,,エステル,モルデカイ,,,,,
聖書の各書の一覧,-1657,,,,-1473,,,,,ヨブ,モーセ,,,,,
聖書の各書の一覧,,,,,,,,,,詩編,ダビデ、他,,,,,
聖書の各書の一覧,,,,,,,,,,格言,ソロモン、アグル、レムエル,,,,,
聖書の各書の一覧,,,,,,,,,,伝道,ソロモン,,,,,
聖書の各書の一覧,,,,,,,,,,ソロモンの歌,ソロモン,,,,,
聖書の各書の一覧,-778,,,,-732,,,,,イザヤ,イザヤ,,,,,
聖書の各書の一覧,-647,,,,-580,,,,,エレミヤ,エレミヤ,,,,,
聖書の各書の一覧,,,,,,,,,,哀歌,エレミヤ,,,,,
聖書の各書の一覧,-613,,,,-591,,,,,エゼキエル,エゼキエル,,,,,
聖書の各書の一覧,-618,,,,-536,,,,,ダニエル,ダニエル,,,,,
聖書の各書の一覧,-804,,,,-745,,,,,ホセア,ホセア,,,,,
聖書の各書の一覧,,,,,,,,,,ヨエル,ヨエル,,,,,
聖書の各書の一覧,,,,,,,,,,アモス,アモス,,,,,
聖書の各書の一覧,,,,,,,,,,オバデヤ,オバデヤ,,,,,
聖書の各書の一覧,,,,,,,,,,ヨナ,ヨナ,,,,,
聖書の各書の一覧,-777,,,,-717,,,,,ミカ,ミカ,,,,,
聖書の各書の一覧,,,,,,,,,,ナホム,ナホム,,,,,
聖書の各書の一覧,,,,,,,,,,ハバクク,ハバクク,,,,,
聖書の各書の一覧,,,,,,,,,,ゼパニヤ,ゼパニヤ,,,,,
聖書の各書の一覧,-520,,,,-520,,,,,ハガイ,ハガイ,,,,,
聖書の各書の一覧,-520,,,,-518,,,,,ゼカリヤ,ゼカリヤ,,,,,
聖書の各書の一覧,-455,,,,-433,,,,,マラキ,マラキ,,,,,
聖書中の出来事,-607,,,,,,,,,エルサレムの滅び,,,,box,,
聖書中の出来事,-607,,,,-537,,,,,70年間の荒廃,,,,,,
聖書中の出来事,-537,,,,,,,,,神殿の再建,,,,,,
聖書中の出来事,-468,,,,,,,,,エズラによる奉仕,,,,,,
聖書中の出来事,-456,11,,,,,,,,シュシャンにいるネヘミヤはエルサレムの惨状を聞く,,,,,,
聖書中の出来事,-455,3,,,,,,,,ネヘミヤはエルサレムに出発する,,,,,,
聖書中の出来事,-455,7,19,,-455,9,9,,,52日間にわたる城壁建設,,,,,,
聖書中の出来事,-433,,,,,,,,,ネヘミヤの帰還,,,,,,
